m,t,r,sigma,price
0.8197586755020232,1.041738268393942,0.05305700735910068,0.16581590695825474,0.016422889397947088
0.9048910928799824,0.5960706912277456,0.03128281096728362,0.16263501860244492,0.018444328190511672
1.0806530979050994,0.7272249858961934,0.06731998732708637,0.9497295174977586,0.3875508978647645
0.8772314621361688,0.48729986531330893,0.07568938006998428,0.7134546052054258,0.14089686144133445
1.1528422909722447,0.5779519353999758,0.024217894783439258,0.4240755049566199,0.23592707398173451
0.9588121588854932,0.8571549764369999,0.04345850134552311,0.06240657333190725,0.01991622344786953
0.9366280000732929,0.8426853232401617,0.06775694503652606,0.14146381600814587,0.04485773562388329
1.192657708992613,0.7388555855320438,0.04802384274868596,0.7928695186067944,0.41470211142628627
1.036302951814519,0.6086158384786444,0.04355572143612825,0.6406303875457222,0.23106027324025796
0.9132079995111119,0.5841581048383591,0.04641006387572279,0.8441663609745337,0.20973699634961812
0.8431624468230535,0.479835358311207,0.09189494319564989,0.5161781381795837,0.07866384419763295
1.15707886688722,0.294865943493052,0.041955645246468096,0.11772243068552384,0.16952144385010526
1.0079285696994331,0.2627285200603381,0.09546587977137623,0.6172721545165836,0.14166046122213616
0.9402683314806326,0.6032580604121339,0.08859004165793055,0.2674020625214932,0.07429947718881491
0.8546554009731517,0.5003531046037535,0.04804098905608199,0.1607746426414756,0.006193299454922363
0.8420265919280514,0.6127043212831511,0.06081434426527815,0.6363679302163362,0.12316079790237466
1.1162942661633395,0.9874305492518787,0.09308575498086574,0.6192807597385664,0.3597962555660133
1.02466343918648,0.376335178148136,0.043053952923505445,0.8124024889432647,0.21863924712076943
0.8857634423101518,0.24676361545330483,0.04010822340264336,0.8232208892136796,0.10528688961520744
0.9797322238204451,0.9181374400297146,0.06907862485070769,0.14616657489465892,0.07663415508230653
0.9259749072443992,0.5417813858957754,0.08320730992931176,0.5718828330157153,0.14232338333479932
1.1101789264699233,0.3316841133092689,0.07252076995278914,0.16663341559382694,0.13811976729645092
0.9556546543834464,0.31399698465812886,0.06554188438188241,0.13986123706808143,0.019756986549206712
0.8603214540024369,0.260559995914697,0.027194017630689925,0.4759478866919966,0.03833635046959513
1.079310738710593,0.6102759096753683,0.08574458079957666,0.19197657634316526,0.14672338978447397
0.8509865896790978,0.9530339270216357,0.09436119967343302,0.14040048866312627,0.02310275069651785
1.00247877729935,0.5123040310516247,0.05222587050400107,0.11089922773310784,0.047815540900077114
0.8563949751392721,1.014821003748753,0.04628576146728574,0.48017385325732564,0.12835453440240452
0.8771981927105499,1.0113025543274807,0.09482504962975379,0.6069897071292831,0.19876699127589886
0.9768116845840717,0.3551943816516771,0.05847577852967613,0.23486003824235527,0.053268898341963244
1.014608308260448,0.8104566812971852,0.02786547922778242,0.4081769081765218,0.164412986948186
0.8999466810968036,0.5643266597223127,0.036514993707758694,0.5285071357932083,0.11136478164706592
0.8698710001990424,0.44982710746147614,0.020022571128528847,0.8986258528922852,0.16477468313746652
1.1410140950550018,0.5201578715659999,0.0429348330888777,0.2506070477192021,0.1839153161156335
1.0141317189157488,0.8025810935016167,0.09427739731624807,0.19859592782702062,0.12083907128755711
0.967925365372261,0.812923141090468,0.04449500925379656,0.5823207321187088,0.20180732846573235
0.8919923001198076,0.4572400795180878,0.08223440492212736,0.3210347829323883,0.04954837415222241
0.9117057401695817,0.49627902114926903,0.02118886694368622,0.7418648418607674,0.15939830411398764
0.8400945412951217,0.8871919401042752,0.06262170965307452,0.6587685117953499,0.1684719481709961
1.0579099606174664,0.7629836274294155,0.02712793042345519,0.8196644747468933,0.3256508070198182
0.8842056301969886,0.25232492499930964,0.04868910510096731,0.31701779558779314,0.021382256301316765
1.022723524161224,0.6551295104995438,0.09642462907785032,0.04351766528766764,0.08402562297681326
1.1305565710106518,0.24851935215356613,0.08942327073429834,0.8594490443551637,0.2650646209911153
0.8876355043989304,0.5948840421551539,0.07134746174826219,0.23734954276940348,0.03772446058778017
1.0867279696773675,0.9065687199978538,0.09655933710120557,0.2588021810056278,0.20595513465536386
1.0944734415897899,0.7957103338896874,0.08226090000766292,0.32120697680969096,0.21112938188411134
0.9071906731012634,1.0757053954739448,0.05789039895709007,0.521487964384631,0.18103334567263873
1.038179521241353,0.8820989612905243,0.07787996708828872,0.9843574794929849,0.40551346903945407
0.9421516325497717,0.49086869125603844,0.06388371529906157,0.8833891319139805,0.21899340067538609
0.8273338193247176,0.3212973087292389,0.09121168490047898,0.08767557647725464,7.535487517037727e-6
0.9035192784189623,0.8579544449197354,0.023703815716935292,0.5923673386583379,0.16756367647162512
0.9691146980431635,0.9482447288079525,0.0698751370375258,0.024257432626805624,0.033920759382990995
0.8028019701662681,0.3938949041578277,0.08863923676676652,0.6046017260881623,0.06684091878396939
0.9654363240458885,0.7516772493144914,0.09098979322727678,0.7897658988511348,0.27049479621184874
0.9727319569607378,0.8391149740464217,0.073816757049162,0.7898819414819468,0.286835045125288
0.8140505013997503,0.6985132319673675,0.05781831373910923,0.4781152241736641,0.07898904064885315
0.9739667568419217,0.319008091142296,0.051219007717263176,0.30574318204880513,0.06255327108403763
1.008661094790806,0.46822553353590063,0.08108137138334699,0.457915541008053,0.14701399090591555
0.867827801458304,1.0543373218075585,0.022950330796142566,0.9634166079721418,0.297681074884702
1.0409145842028116,0.3688795027617419,0.04684875936937591,0.18853703683594183,0.08089831448830453
0.9219503620757162,1.0101431650204025,0.06405468692217757,0.11400137194951292,0.03521621456387675
0.9709813487426299,0.38492946572829745,0.06951885128955129,0.2222644106211331,0.05215008842248331
0.9026053303428722,1.0225596687933027,0.04498847490811263,0.5984668045346873,0.1955863993620407
0.8099548520040352,0.4941451721643484,0.045915612532057754,0.3514324989544896,0.02814679979998219
1.0419014281118089,0.3566697423303864,0.06233466143666097,0.21045947806278015,0.08882464745621332
0.9376462917615671,0.45446915855229014,0.03260109014184066,0.019193066565461048,1.8566142386064065e-7
0.8764334940232092,0.5441770951980769,0.04088159905283775,0.9728558738259105,0.21199129266933958
1.0748470162249708,0.4410726648811172,0.0977396800293383,0.9174874116369837,0.30601215729033354
0.9400318048885316,0.8064848983929791,0.034218621746963884,0.728227532455163,0.2291006051264417
1.0170269103929965,0.37928682231833044,0.034099585679793244,0.019960877230487173,0.029908176508043893
0.8694690164676229,0.4578792497362103,0.042728015966244065,0.09020703579404714,0.0005169068542990908
1.0774994527200428,0.35442432085882913,0.04044389656902783,0.6357321742504072,0.20491197758632818
1.1950966152014368,0.8944695800616704,0.08538687365645696,0.3599203533456956,0.3153847627889652
0.9351563664305343,0.5436957409705558,0.028169580915275452,0.42657254273766604,0.09674764656287549
0.9329625763588577,0.5088597570804934,0.02258741852139134,0.3854947060252251,0.0795701497109314
0.8421391381125458,0.2781548251799143,0.05818468420065673,0.7816360881126773,0.08852475660341907
0.8863275986032634,1.0802159901679922,0.06304682887438491,0.24155450253415753,0.06898544950693247
0.8681378043556474,0.757396503375807,0.04730006126776773,0.6635883288918947,0.16328722170570514
0.8276963453111709,1.0198936086595674,0.06614017471103664,0.8513284873012635,0.24241310921625164
0.8170776490479622,0.5578557445909698,0.054306238270462465,0.37616570359432017,0.041207753051994755
0.9625345680890386,0.24351548425656538,0.045750050161288955,0.4599272507558825,0.07558680776808208
0.8215117096312559,0.7040265644452428,0.08274944194849977,0.2890715706889333,0.037633952738101994
1.0518099987789835,0.49166324399175965,0.09136027178240518,0.9033997393111688,0.30012627346591175
1.0327498914666429,0.3267739669504444,0.07070563634403541,0.23485155687298864,0.08607421321583608
1.1451993146373483,0.6143732715718943,0.04821222570866736,0.9153214028928014,0.39111717957065056
1.0336056500516542,0.42603137054782036,0.026236449307159113,0.9557887313083755,0.27062047019356333
0.9291247372771138,1.0663018417573893,0.09482778565116749,0.22147325596212,0.09668695386062293
0.9528917101322048,0.4956167382696601,0.09472101885289853,0.897395220876962,0.23576162519889232
0.9500699033138666,1.0625416941359245,0.05100977766834919,0.7370406369908079,0.2821778363527606
1.0774820846816278,0.7721930166647528,0.02006725137093979,0.5624521266698158,0.2509459846937483
0.8996479216216293,0.8256735998708478,0.05939150250492299,0.4278316185166925,0.11794703069645396
1.0728972247848427,0.8892926658169211,0.020676406221277154,0.8966882804576862,0.3838139833806061
1.1191941622973314,0.4125136682833599,0.08870677867534951,0.8173483916323547,0.30166721768352134
0.9316051713058269,0.687955357148134,0.09855791552957707,0.7332146750333081,0.22151038729255879
1.104070670529077,0.8211671225637671,0.06482225903406594,0.6946037199370325,0.33855069515732317
0.9572397569511827,0.943075161448728,0.05614779897347921,0.28423760319645974,0.10905871879345391
1.0011344848267512,0.45199242811060236,0.08689592769891487,0.428601697233596,0.13333843511595944
0.9509619883692297,1.054750199677087,0.02426943267112332,0.5522756434244629,0.20329995510579257
0.9481702136758213,0.888966999666166,0.056616919203868646,0.04241285469717697,0.013814470529497858
0.9163708997803961,0.4005445817799218,0.029800454379699366,0.8398650645169053,0.16565087844938786
1.0123420153624785,1.0923578837315435,0.06861481100470361,0.682267600135817,0.31443452884421536
0.9270053321969726,0.6184140367588942,0.08170359927227408,0.3116393056053661,0.08018527330449954
1.1525504062799166,0.5562156796223223,0.026548442822219274,0.7541626714102092,0.32920942915609425
1.0896599175453843,0.7461790249730549,0.04248442500687315,0.29459382658802186,0.17549161053925633
0.8948719339273604,0.6385117195035868,0.021496500910468674,0.8921170970903162,0.21853320712420737
0.9751384012558452,0.6833988637091749,0.031850384399065845,0.8633323955055027,0.27066634312878973
0.9126718387595835,0.5614521973898656,0.06336752100138869,0.4053669265125166,0.08903494504262932
0.898925600251298,1.0646833655969454,0.03429500186863656,0.37571336385577053,0.11286416258073179
0.9850441224466439,0.26505043194293704,0.0994580733357395,0.27110879724063147,0.06020595304089843
1.1807838693548256,0.3799266623579316,0.08910160929083367,0.7351048829793049,0.31754671875207463
1.0569001741414823,0.34244151386558674,0.05529470658609173,0.2650673456648908,0.10789633213695526
1.1240276291435105,0.8017937177558843,0.03778758195207535,0.3427669871994963,0.21891555668765406
0.8765109147158946,0.9549190082191952,0.0981097591880881,0.9994748961742435,0.31801000877554114
1.0839387186899885,0.6533982993363979,0.03595571023620247,0.35149615632197656,0.1776434797017209
1.1242980073468538,0.4841734709654243,0.03604245388840656,0.870407100912521,0.3274771249365614
0.8055742346208654,0.5471715082366135,0.09273420750533473,0.8264714573291498,0.14580508149324134
0.9038681386381667,0.72467128543662,0.04033129236589148,0.8884578276651569,0.24380350531068135
1.0306857636804014,0.9085188429502469,0.035591283563008946,0.36833599003694156,0.1727010286447545
0.836591647375723,0.31764645953170867,0.09220631131833325,0.3658682010018765,0.025450093941321555
0.9453130046181067,0.34920342321934544,0.07386882787160345,0.8778019437954672,0.18216233152353167
0.9007611494409536,1.032412193709055,0.06568390720865792,0.6123093306985206,0.207670733737369
0.9069264381350234,0.34103370548671297,0.03867173899546548,0.5671789747589137,0.08856015572391385
0.949506735519637,1.0350003252050963,0.08459614401063012,0.8876178003129201,0.34188672911991447
1.0594784199211018,0.9236702579028835,0.07479442360872506,0.27320309956458483,0.17901377688237885
1.0775318783391867,0.374963558745545,0.04560966676542105,0.5169615512989639,0.18217399273005497
0.9103087099799708,0.5153551757118571,0.05516816028682149,0.941637439374006,0.21934976099862075
1.0958407433853727,0.3254820984284337,0.08213270604819944,0.30720898142104747,0.1491536344847707
1.1360379373598424,0.7257755481652748,0.05803174402205499,0.9227002376206964,0.4158708388882063
1.0524022291319557,0.9856572682587885,0.059683514516350636,0.6026704311176257,0.2932231709136786
1.1337852752344393,1.06732463768477,0.0778042102511282,0.31680401777920625,0.2661287424565457
0.9067734615671084,0.5057000741392201,0.025250080894776525,0.7840761529035968,0.17004780949390308
0.9797614707181272,0.7165704207269419,0.09570170686112606,0.4997143769706093,0.1843015425569225
0.9497668287408308,0.2762703361805343,0.07597585884765667,0.7415309711550163,0.13474796569601027
0.8631472368842852,0.387540406013855,0.07453978732984638,0.8172330927777401,0.13484941387289962
0.9917107892957893,0.761643132568175,0.060280056987408945,0.479777740103412,0.18035461631706667
0.8456977796928571,0.9428637188266267,0.030486339282918138,0.6545051629715052,0.16878153240973842
1.0513202077777943,0.6480558605725124,0.07402149131657308,0.2645859191548771,0.14288473215468545
0.9051905031628154,0.5771054101542733,0.07112648335957374,0.9594930330371558,0.2387945599819491
0.9229200888620822,0.41438377982956737,0.08795935287866162,0.8968059807105377,0.19428533058851194
1.0953422645640525,0.9195947725460778,0.07798782473243036,0.1035532793729144,0.16666930034921845
0.9399112342775284,0.4748020617431771,0.07625913523971672,0.9663432096865949,0.23625709264111744
0.8753150335197382,1.0825994766315117,0.09604003640503968,0.5112963881531736,0.173631362388048
0.9323049516516886,0.5122607400887069,0.050561866236593145,0.2647635047952451,0.0528443485891788
0.8602379219363836,0.37382419761990304,0.0259558678254065,0.8586176233892919,0.13321445848533614
1.1427107870588986,0.24633465118736664,0.06861490525571493,0.41947640099838274,0.1897528652098095
0.8311770359391593,0.8779402740673827,0.04918013998340232,0.6121890530859954,0.14458606707566696
1.1547220975522017,0.42370818252785003,0.025942763005736343,0.9046414327350485,0.33931433167153513
0.9712831556319457,0.8713224210477808,0.06267541212637298,0.5064194210886164,0.19166699002712512
0.8683193791367843,0.8994337206664704,0.08398910504309762,0.8832992274134562,0.26287128558417316
0.9467096668867897,0.22331477138162065,0.02913348172208269,0.4746029684717474,0.06520447333676849
1.1125932160721153,0.44673275969052006,0.06955033674052424,0.1480563886267779,0.1470166966937243
1.1472323623902363,0.3255113845833261,0.07940370008886417,0.10326042742741244,0.1728003708116539
1.1516787644229876,0.6224231606981225,0.06644011131863643,0.10462375348385168,0.19259882799730277
0.8094317203484259,0.4747119944545512,0.040808923727821314,0.2334926740303055,0.008127124379724154
0.8493241740699113,0.4114645883839859,0.03023183150172015,0.571600715244983,0.0754484639440256
1.0213765489113993,0.617094873660508,0.08695837384940197,0.5245175563199058,0.20011896115761457
0.874738198161038,0.7347493449247484,0.040800164038620634,0.7918593329087797,0.20000233785749277
0.9500519636329097,0.540353387033432,0.06111201166203285,0.3082483262269253,0.07803085819503136
1.1668174532170568,0.8808465016583518,0.05754235928183596,0.9548243409169466,0.4831958702803058
0.8867505583215621,0.4002805020992982,0.06359328706295153,0.6475146666898528,0.1109724880922413
1.0895731386993333,0.5996821180771384,0.08391704579407426,0.11061093862483792,0.14072950183865962
0.8774728460707772,0.32166396734134595,0.04762194363992474,0.4074275241400951,0.04238499455675632
1.192793347341564,0.9537227306402001,0.041523148696383044,0.48337741249947763,0.33694539172140225
1.0920518547776834,0.5161950392022315,0.06033249325038301,0.2280561522348633,0.14565583482972178
1.1704597855662502,0.6664029299402813,0.045910247962091866,0.8495615997512886,0.40070081795821405
0.8877778866314869,1.073089690216484,0.0562727721466893,0.3285704968405311,0.09859229930828473
0.9257963722904717,0.6523257606508479,0.07172911738601545,0.6315434094758011,0.1753179730321645
1.0905557765213576,1.063323911817947,0.0742997222330286,0.574999864788617,0.32690506840158284
0.9677847512047272,0.613054781483064,0.08630919160853161,0.35146471818192665,0.11479671186728102
1.0035885100885005,0.6503058526245176,0.06105707947382735,0.6437502533196523,0.22312345375589904
0.9224976248950427,0.8080123081430743,0.03979386872447597,0.8736087176395824,0.26634138652175604
0.9368573019932035,0.644463567901217,0.07241372903757456,0.5256902129542721,0.14940993552374282
0.9245975417769648,0.5926147794488084,0.06255847435766879,0.608143910959933,0.15589465791586438
0.833563298316111,1.0346272503778022,0.03709174399361592,0.7696735688405748,0.21341379885901762
0.9288009439219832,0.9088708698396326,0.02790646980247998,0.20231971771619958,0.05234672241905097
1.1248880904723708,0.9655478965375572,0.04089664365278083,0.8871962275541881,0.43874283606315967
0.8902095434468745,0.8405739890413795,0.08513231102278557,0.28074400925737997,0.07427675869539635
1.018469270811448,0.7859938170176815,0.09898483236404544,0.616371928048567,0.25905618437324834
0.9112796132848587,0.763092975010083,0.06950081649317845,0.5529471007650508,0.15950757647587305
1.09077170845043,0.8440977295246062,0.026012047450131873,0.6469686204172318,0.3019189915385167
0.8681839032425034,0.6322797894388903,0.08382957339975657,0.12769033960352286,0.009762828363126475
1.052177995998527,0.6614895663258709,0.06566959162566349,0.28996561949849875,0.14906495202058834
1.063212532807165,0.21507389437546862,0.09245747465124549,0.45693114746234076,0.13389032933889422
0.9548465600633462,1.053421005657555,0.020450984998420515,0.8582516705807488,0.31726941040920337
1.0548688509995885,0.883099331594488,0.030692983852342197,0.6325985962644273,0.2799125016633049
1.1451045939430677,0.6995386809140816,0.09831683328215693,0.7018654619382657,0.359647528138448
1.0032169327215932,0.5345156026603985,0.054170429105047116,0.02223656184219931,0.03190097499605826
0.8422557626776386,0.5011271528846097,0.06392457646888838,0.20746101819688798,0.012105396131230323
1.1073977805599906,0.7628410175804632,0.024246070270218044,0.9647419361138233,0.4071456320860761
0.9123607103599556,0.28703419852105666,0.03610995843744985,0.11424043767822795,0.0024867445710460845
1.0626485824518024,0.61052006718438,0.051856482106178686,0.6391869916788706,0.25055056823565025
0.8777040724098871,0.2652302115127465,0.09862294356367028,0.5378864340588804,0.060854191532771384
1.067735325772557,0.7123551868196427,0.08628357765803618,0.9354087891507776,0.37566281139977614
0.8977796709573207,0.6938783341128754,0.030638014687979744,0.686788505734585,0.1730353555687426
0.933247826500814,1.070850878606285,0.0791614345322356,0.3082603410398065,0.12474608877744686
0.9795531319130296,0.3117089881653933,0.09168198346392753,0.20250109135657804,0.047954896710760975
1.1193331586547361,1.0270920879232053,0.08431377216212123,0.5657146044622241,0.34419683070347545
0.8809254637442152,0.44413218615049344,0.041386415021081764,0.9335717923097355,0.1803940030087401
1.1136674768758632,0.7769140498939475,0.06392806827554677,0.5203410551153707,0.27905037809111033
1.024022188204492,0.7466725482815617,0.0286861336840781,0.4850722391312519,0.18979269877790578
0.847697626385605,0.5691476189601622,0.09419711074868865,0.784659992880473,0.1624969786634468
1.144749742653779,0.95513481276492,0.09202597148602283,0.028876432889249154,0.22889472915708997
1.0187767502669376,0.39244104492019843,0.0871335137534256,0.8069143432975062,0.2253080956598848
1.0064806316002537,0.2987359364545382,0.02769343560555807,0.5970979791610723,0.1369976233425464
1.1977384664876989,1.0100473554529983,0.022171372471624685,0.4970483648072751,0.341506917998019
0.9617141616299797,0.4462483553458544,0.027267248175034772,0.6888780890147582,0.16459650640430384
1.1313439958089269,1.070676828392889,0.05088458415697891,0.852804016152007,0.4531753171162766
0.821186966657592,1.086372466980146,0.08720520112313457,0.04799264893366564,0.0003255347418905756
1.173828861598456,0.9654667626866689,0.041812982612038155,0.4398580201383761,0.30822068119980595
1.02616929448798,0.26407307760125953,0.03892502929184416,0.18932845350994362,0.05996669854482228
1.024146947230041,0.813909429618372,0.050976452980526235,0.6536385962102413,0.26374015597694134
1.0875375139075651,0.4287948980519416,0.0918591652075307,0.05939558771666495,0.12616882487873005
0.8659956042725797,0.4694649862542861,0.031218140451582724,0.8312095206150659,0.1529625297751736
1.1888656342334025,0.680807011788991,0.0788976466927957,0.2183831936946226,0.2506473370592657
0.8701720135743193,0.8788412180768996,0.06137768637772548,0.1243973930994766,0.014363394512152461
0.8463625261477916,0.6583949830579512,0.08106549980403972,0.015323766582005304,4.3607028606968326e-23
1.1866166966694842,0.45636183222165516,0.06898767129574185,0.6300675229838368,0.31025894662789155
0.8398814608988749,0.2845523589760648,0.04336443494445344,0.22935863273122023,0.004799704190520351
1.094603646189967,0.771769876141092,0.033618163820533245,0.5271120823844757,0.2553576333961982
1.1341989285267071,0.3283597244786941,0.03412038171069292,0.6139830791444935,0.23188390847843388
0.9137653636511492,0.7690594394635375,0.03089277335118542,0.5913336622432009,0.16353411114745575
1.0411778266173042,0.9761458813685648,0.07007015698508011,0.048603114431836056,0.10748187688064048
0.9204581464095175,0.8649970853975317,0.06708138538085068,0.6394390149512026,0.20651702144377798
1.1112553215735221,0.31828716180930633,0.03501699710008456,0.9298487885057428,0.2836586728001166
1.030615349864044,0.5512989941654862,0.09936925750398706,0.7508575953615064,0.26148524510216653
1.1667477023681156,1.0504176839829058,0.0994237210759408,0.7421156242910185,0.4558408121172569
1.132801918552943,0.5063438337227262,0.052855798600291284,0.2959287513278319,0.18969329851607408
0.823675574422127,0.49651355985712586,0.09086618329887161,0.28326752642306174,0.02333296326771986
0.8762418435044688,1.0611554851966625,0.02399099995265287,0.6330266880421487,0.1903150878408446
1.0298183160076075,0.3680129369661912,0.05924610874527762,0.7953052843063039,0.21815936923961515
0.8517403328506374,1.0389700386866625,0.0676557535475326,0.5208139886319261,0.14913450123392857
0.9433778757288758,1.0262846637183247,0.08944407411254192,0.9612403938260923,0.36243439500215097
1.0740990896039038,0.44943834777624325,0.05447521150737429,0.8181691613476133,0.27393853685935965
1.1519086375352772,0.2750101709853242,0.08390948883026253,0.7817008034588476,0.2737514525153788
0.824738466323995,0.7297499741709772,0.03622191563693348,0.4062111681372172,0.06306290941654841
0.9759664892587316,1.028948931332753,0.028751485019486225,0.8938042209066251,0.3429500070837816
1.1212244679789514,0.9577148475507085,0.08029389700082078,0.23524047648442534,0.22182194596124782
1.1078536089687763,0.30576358101703743,0.0550995042576764,0.6188602898751335,0.21277417688370037
1.0210358550796497,0.30957768059751534,0.08508122384015265,0.1979092162748368,0.07126560997721831
1.1299948584967803,0.6507225999653933,0.09903668644662914,0.9762976418602433,0.4211792108632301
1.039181985028595,0.6566447896377123,0.027857041645976716,0.38453939652297664,0.15581930162795332
1.0705985221842962,0.2790960573834724,0.09463553614023422,0.5444902681972572,0.17146181291871154
0.9131778681410246,0.6096003016404126,0.08180738529841206,0.44287027701947845,0.10976428999968646
1.1303472940323982,0.34433880372607595,0.07283312578210067,0.051906106328449574,0.15511469698482905
0.946686809610001,0.6773507675853285,0.05068088203240159,0.8251619491599604,0.24456856821490147
1.0362500878749528,1.0237944593669634,0.029534490314410897,0.6294178826757928,0.28496036736694463
0.905534031711154,0.7995213960119232,0.044794050083294,0.8680741004257878,0.25372912726498154
1.1532820518447302,1.0527893391595913,0.0894993721764263,0.16411165906933564,0.24942328192234364
0.8716275142858964,0.48483647361089405,0.036058539502317404,0.6370228063868795,0.11301280167832484
0.995216529551009,0.33420882972848764,0.04584563577351512,0.6377658167750129,0.15006758585765329
0.8166794813872011,0.8756270105296731,0.04549710822682441,0.35412874301294095,0.05848588166580174
1.1119767081927985,0.5185117538452739,0.047586915130256924,0.6120388301053856,0.25804053089473156
0.9722916059230103,0.6673849365267834,0.07816762344814618,0.9450877150288668,0.3004244344874898
1.0837680130504794,0.9493138162003258,0.07636410565369303,0.7991003803183001,0.3874468683473977
0.8273559232661712,0.660347684908323,0.08513253436471795,0.8103659776338878,0.17421889759561987
1.195164188840463,0.6342327124230072,0.09592838458517353,0.9784889082125694,0.4652143780449641
1.0748580171452116,0.2895042934485125,0.08316469621635163,0.9801454169093043,0.26607153385676763
1.042601683091171,0.6694739607529392,0.08469566794326264,0.41162958349483053,0.18733278280969856
1.0196044797963366,0.3122583462184597,0.03050779182341355,0.09563791667425527,0.039034753594487714
1.0747211996833772,0.7089641229348342,0.04151192804217195,0.499648632492678,0.2271345729122634
1.1944071854880178,1.0995287590012108,0.024743290675678285,0.9081993026882168,0.5157684030987246
0.8645912369274615,0.6130085078821406,0.09262706682767494,0.08775197222826896,0.0028788113528080694
0.9891620410624122,0.2647636385617084,0.02066074726135275,0.49932832239463715,0.09871754658982018
0.982348499734329,0.22239840689687165,0.026486940765767165,0.8709304046589755,0.15497419908984084
1.1085850069176255,0.3718661428446527,0.08104512217622262,0.23238209629200726,0.1519584537188351
1.1202485209110606,0.45254067896984823,0.08683587867985819,0.7606398885760004,0.2986561822019981
0.8960168670215243,0.75080946472656,0.04653332614974294,0.7837448989165341,0.21404469285946692
1.1360570693172836,0.25248317566550216,0.07889068532913897,0.3792430058613708,0.18101543002867038
0.9452206892548527,0.28829889628586036,0.039563047768074774,0.7496505795032712,0.13345669172896923
1.1840933958297541,0.3626175295346884,0.05870560732251534,0.3943442205058542,0.23569475620774538
0.9303477046676908,0.38647640881796114,0.04087697923313115,0.26621785493386396,0.039768382730147656
0.9345869558494257,0.5264777287046183,0.04515080300095922,0.9444139885141954,0.23574645197819266
0.9044801451925659,0.30871051448731746,0.09018757631428895,0.7447494245558767,0.12212448125131126
0.8762541769085418,0.8695537847718637,0.07139415715359451,0.4179145924037838,0.11073532349089976
0.9216178531301054,0.38823933132066646,0.04405185611338164,0.6940632314168725,0.1341018167212703
0.8791441829143382,0.5893691562509749,0.035562978767719716,0.820410846983422,0.18286333104116959
1.1232123706511157,0.5837294277261078,0.09103030968786441,0.24320611598927344,0.19377660988358392
0.8864759299313836,0.38005206712893824,0.06949172864044034,0.9413048016145961,0.17134019008952966
0.9572518331866288,0.254468832714597,0.05003662946757363,0.037226098587993674,0.0003781301990659208
0.9701881145595519,0.5015039670137935,0.037032781789167274,0.11778644394327051,0.02707797461832323
1.1360471148384006,0.7023690732565924,0.08625674677232298,0.9708786320923853,0.4337186325287773
0.8302798733383625,0.5126078898182621,0.07967299581174078,0.03099872474098698,8.92011429731095e-14
0.8884782500483036,0.9453157926208964,0.02002717052363326,0.9794494847570492,0.2975246809193477
1.1479263446046022,0.8902204110318706,0.07792694426624072,0.3364339429276256,0.26536921743772146
1.1827991103471696,1.0341136326889224,0.0937563382746131,0.819648002867548,0.49118449051130675
1.1743525127350793,0.6530452146214429,0.048326659003325105,0.041452905516605805,0.20541920316175621
0.9087398238041615,0.32690731164455394,0.033008117882543014,0.7218943277082839,0.11812261108816768
0.8844446629185019,0.5318965445107979,0.06953194775735896,0.4518245530390577,0.0853446141500826
1.0027703340608072,0.7003362745963913,0.07965267726894781,0.7241799809903128,0.261556641411021
0.9232619715234714,0.9171295750319814,0.028064222875942367,0.360144165079784,0.10583802396191877
1.1561627204273186,0.8936761800480311,0.03202154554939261,0.5818674344631083,0.33384496043147716
0.8076890594711605,0.4059341646885549,0.07318625348840894,0.31580901744564854,0.01739060156233027
0.8806812558822668,0.943377337674556,0.07489366086829094,0.9819997993837497,0.30717852018861636
1.0347160892809633,0.71853867249148,0.052637896902784115,0.9816175350736611,0.3592852188409098
0.8589288214165145,0.900906823813725,0.09483401229210121,0.38404335692654307,0.10102365103944738
0.9351135580533784,0.36553595917602444,0.02931394986033444,0.8046060083326687,0.1590158103838778
1.0347033282668392,1.0319392700222425,0.04713328187744063,0.9319218116226626,0.4040764567493377
1.186237509666843,0.2947869209761897,0.02011219813691806,0.4834642067577644,0.23455119412252012
1.0943777540095572,1.0677390332039878,0.09658367136915376,0.6891911351517004,0.38360516269755035
0.9269929496813729,0.8029038574783791,0.09104876496839287,0.8569355356852281,0.2762627167371581
0.8229355535709229,0.7393026948912418,0.05888738006624747,0.0293424777084539,3.5319821800911845e-12
0.9893350017344981,0.973347814547042,0.08127473415966774,0.468701157751077,0.20948932531563302
1.084580632092735,1.0350960233045645,0.05237751279625108,0.07419933818812342,0.13846196519203346
0.8844913162640483,0.7434451836133988,0.08211958364819322,0.9699575158993788,0.2684678002804978
1.1603476639495982,0.6428138122930724,0.047653428669885846,0.9045438377434141,0.40554011668527223
1.0109099092164646,0.2766722688204505,0.09026766537057489,0.11235377683596179,0.04537139225716469
1.181785969007402,0.29760718276583803,0.02076465902736687,0.9285908021270675,0.32377342804398
1.1320683275164893,0.43158557823057,0.06012211653238518,0.283381641416213,0.18089178492505564
0.8823274332655665,0.9081310722644278,0.0789190621584365,0.4529488132209309,0.1318251227459344
0.8626675305540946,0.9062056533078382,0.05539546259109111,0.8623082693804586,0.2465822231817602
1.034932310661217,1.051658542876265,0.05782909770709163,0.9425088251517676,0.4152397005108917
0.8153813530781914,1.0715415897298988,0.07652470134092948,0.8994577762483577,0.2607907368715936
1.174673066315091,0.24192706887806356,0.03182548079125745,0.5631642587276438,0.23179640524482847
0.8588708383253357,0.6843186742961742,0.0678004974116985,0.7519828315463031,0.17664544080150885
0.9969827926949224,0.4805231352096438,0.0368608953085686,0.8949034757891033,0.24839980333841777
0.8760387767301336,0.5836221584701271,0.046379424688796037,0.44645387300903483,0.08243516251554961
1.0610166939336108,0.6485174715912504,0.08754589394204154,0.49122527868121807,0.22197141745472504
0.9507378313791823,0.30096736689208503,0.09805255761007955,0.748783870853579,0.14647081005520307
0.8545829306019848,0.49025037775723385,0.09881167434851171,0.041860948112070334,6.6140053138841e-7
0.8168641731707258,0.7247765662949446,0.06202850190583406,0.2560046093083304,0.02642510082349314
1.1642651125321704,0.9321768801024035,0.09795048922592492,0.5149415124150795,0.3529639447991526
1.0546138832969094,0.6779801639781688,0.032180069147240954,0.606138380455075,0.24062294475236767
0.8396007221999822,0.40424171573985435,0.045208576405369565,0.3165190062429239,0.022764066233432412
1.061004599881787,0.790286830501354,0.04882738890819263,0.5037211963791244,0.23282655874847347
0.8532770728987343,0.49009142243344467,0.09992311026537226,0.29436443945994956,0.034826219092912336
0.8269503866047558,0.6991313215144266,0.08034362619933384,0.6085783307138095,0.12473829286318738
0.8370115752671867,0.278530460836221,0.033344560979257865,0.10348409160201685,1.3895116632629432e-5
1.0601531048592463,0.9159323860965478,0.07768027789459733,0.7597408868129323,0.35128709189841556
1.0348795627227056,0.8878401491715215,0.09864644125044048,0.14291449066783302,0.1317664973897903
0.8896125893898672,0.8429846478455376,0.029452123533170463,0.18159827106263046,0.028223385959363856
1.1765808099244213,0.8591406990154224,0.03518942240121128,0.897150408719199,0.4579884950821883
1.1292451637406802,0.5462221336877682,0.05086291936563219,0.0992301790642328,0.15723682809694817
1.1201940103848405,0.5988461762828388,0.08284944360046566,0.7503666964559137,0.32993271757181364
0.926566062339867,0.23555831812082623,0.07016288862154665,0.0806407806819914,0.0010305490696244021
1.0872037613005834,0.5211952797718729,0.07149446326509647,0.06046089304749926,0.12381831568131307
1.102180477727005,0.348581698575784,0.03223076868977039,0.2850079600208884,0.1408229344158669
1.1714842849319773,0.7609174456875638,0.05230012420692201,0.9669623048859843,0.4626540681749428
1.041869303946913,0.2686449334534783,0.08067367533591183,0.396748699989219,0.11818429165619704
0.918251917908674,0.8414980943777521,0.05873393539629218,0.09883849009588742,0.019654573546413368
0.9158247665082181,0.9749583244823332,0.02645673350676696,0.6459436768457697,0.2082115164916713
1.01712231832841,0.7567398545895168,0.06620327988185189,0.5008836833716082,0.20469371151120858
0.9769835267759089,0.3684763822602838,0.06993482370095987,0.5547180363807752,0.1316783911535898
0.8230755250059906,0.21957001519429264,0.037067623037345204,0.20331074941717547,0.0008158512107515753
1.142511554058921,0.9517311853103825,0.07881883276118924,0.6115024504685478,0.3642863837903988
0.9180010213248742,0.6025616901699891,0.08569380626346695,0.15014040736144482,0.029380465743387485
0.9354934809015518,0.2667527422205174,0.047077566136890195,0.8131325786453233,0.13521044674629473
0.8246905728512113,0.6011976944425648,0.06594245599471807,0.7446788477965384,0.1415180393604088
0.8458117270342546,1.0731991174839302,0.0695177537283301,0.7680296959708691,0.23490113439362537
0.9600965723298873,0.5459328904673398,0.03258582787659806,0.9625442326316346,0.25886448921968985
1.0531157601172572,0.9364184792568522,0.07611237328740135,0.680849900746544,0.32138300907209566
0.8068255532785825,0.4980481305177346,0.054544220060636917,0.11520363487868382,0.00025902326952048985
0.8706071328113973,0.28945411704952073,0.08812849303651493,0.567020926685914,0.06728517863076561
0.9546236843094431,0.63116749628141,0.07826797806624136,0.3155381060213353,0.09649804961134784
0.8637305389379824,0.8252224970887301,0.0403917870115451,0.9897941316051041,0.2682539688915176
1.1103690545896006,0.3522657759827376,0.036581479855282525,0.448257804496103,0.1831630288584165
1.1629048086223561,0.7397776796367839,0.03805706766684743,0.11036144946294527,0.19182029133277068
1.012893450915978,0.9411537315516914,0.06560016752913145,0.37605228200110113,0.18062883056324613
0.8019315918143345,0.9714837429180776,0.07229556566726865,0.0806226826697755,0.0007711558768183323
1.0689906926258046,0.6054279909817402,0.09721484632662176,0.31538537927078414,0.17381074136694152
1.1844527820745827,0.2720210179017557,0.0822943557531341,0.42588178615750344,0.23217934341659774
0.9385108104728056,0.261763844327353,0.06889755183193472,0.5849084427726785,0.0937174991872522
1.1953490112953475,0.837795358060694,0.05930664450163094,0.2588833464000432,0.2663153195583715
0.8087555858557378,0.6360662800947758,0.043043047094280557,0.7361277427562073,0.13337277665464126
0.8829704629164942,0.6492902700221961,0.036196942848698926,0.8754693605382008,0.21197804580960034
1.1345196367867532,0.5864461863938812,0.0348642977392661,0.6244362172109826,0.2862706979468005
1.040836485811639,0.4402864324128702,0.05717847741528603,0.47690041217198187,0.16222735526550347
0.9613916730930196,0.3278093745042324,0.024380106754428938,0.9677526122054347,0.19817906785940925
1.0624250350882252,0.544338325253072,0.041892710714507446,0.834421241464398,0.29126837920824583
0.974300170029825,1.071981019761843,0.05218854728340133,0.5475434199474651,0.22887668266268402
0.8836846836813178,0.44117546484693837,0.02521305780829981,0.904032438141098,0.1720931328342663
0.9651574410110302,0.6734322670862468,0.07596412217870407,0.4773031548369634,0.15632311497032136
0.8596045494921936,0.5964674943281787,0.08817384882988949,0.8264993328469724,0.1844287025139394
0.8561240132742503,0.20242452344351852,0.08361001205296159,0.3593525434139834,0.01610245077344591
0.8296429487444399,0.4517268678117713,0.04411400686596373,0.7751943288702711,0.11989537988677329
0.9198980152474865,0.8780682247175067,0.024406329158131505,0.918045041612401,0.2873582869833125
0.8795238533574014,0.23867323840148424,0.0824884865774127,0.3923496486345666,0.03158939418699874
1.088731263035668,0.6184021536690795,0.09505341116879842,0.041730115122509875,0.1458182801842649
1.0712744164680366,0.9164720325074673,0.041123472211021576,0.6925835305841613,0.3216040127613637
0.8892790794128511,0.9743010165588499,0.051184939862754054,0.8865771269869621,0.28116493858890146
1.0200336483443584,0.39360710535275234,0.05073368859519102,0.1154521763583846,0.05305003556519161
0.8102680089703059,0.983643361597307,0.09806081721763432,0.2817248647840128,0.05433492307885529
0.8811829556664453,0.642330283168052,0.07621307869813597,0.09829156203865415,0.006191454661585133
0.8175569021502379,0.592589129929568,0.057729549721247275,0.6513525205165789,0.11166515114638198
0.8665170723238068,0.7340393328562544,0.07406585422820841,0.47481318566655073,0.10929904062274837
1.0358991525284276,1.0749151403273438,0.06473144283608746,0.988252799782619,0.4388296669940222
1.0988434621237984,0.5917703990325335,0.09914976233615304,0.1879483015982982,0.16678259791776762
1.1086946840393734,0.5963969449064823,0.04226974248620815,0.9925705058133533,0.38191364317375315
1.1543959723604647,0.6811158223631872,0.06605610827395678,0.14748079289255794,0.20173231577979733
0.8426746727028791,0.8574645320928973,0.07197810301712872,0.1906845388206067,0.02560786277157781
0.8162676086690158,0.8335561074170244,0.07073389775065982,0.041299075050601854,5.160924126089439e-7
1.0669992177510412,0.9431952276114968,0.03604726915643073,0.6753368353941637,0.3144245405683987
1.054382036746658,0.8385328760100546,0.07827906910684597,0.5220542194946916,0.2526474178449784
0.9730033445285926,0.9032647706449219,0.08056573850131009,0.2741660252229303,0.12170140476500113
1.0721168292205494,0.2724639205172779,0.07481438178092069,0.48585243120131827,0.15608548878049933
1.1772004766908313,1.084355765144834,0.09974202488380876,0.8217923276067398,0.49946838419257855
0.8159086699812212,0.6403696609592687,0.08451879484039788,0.6412835513419836,0.1201509392100531
1.1791932386553385,0.5444422878860682,0.050277214110809765,0.16887091403024065,0.2097377198213548
0.9358677532492692,0.5675904369815399,0.09414119325982218,0.12283257837949928,0.029045246509919964
1.142037468634646,0.2375897044546276,0.043576627904252194,0.6782781207795134,0.22889040337758348
0.8472243998289014,1.0498810514258632,0.06857338735516467,0.9041263784746755,0.2769880718960098
1.0774813166512216,0.597876502777717,0.03499997847462465,0.4701066060485557,0.20244327752230495
0.8449204273714257,0.7183715712637013,0.058736923865563145,0.991519430047474,0.23990933943058185
0.915628612636138,0.244460184067452,0.07688388838989924,0.6159803983678376,0.08486384594651913
1.0204479261475818,0.22383252944834234,0.08319844432797477,0.9126371716709715,0.1912270478841006
1.0970414848012322,0.9790368955226487,0.05899752120659564,0.07251486035075125,0.15364322400494723
1.0045912278069775,0.4100996727415872,0.02992478408943195,0.6847639836625794,0.18141079992418202
0.9041337424072062,0.2482480507938142,0.04983228789966985,0.4762507304303426,0.053645733879048974
0.8232654295782705,0.9304893211755856,0.025874892532560027,0.3513720862959246,0.059407428335819495
1.0741763457624192,0.2269843416511731,0.037839269240621275,0.391742331135287,0.12510127257374337
0.9802133715263731,0.20292547244430548,0.04420759208758345,0.12702902695925897,0.017485242906561005
1.027895773005135,0.70226295154092,0.07169475005094261,0.4079991486801036,0.1762313464057617
1.1775338610545005,0.6584883651496173,0.08508777669448947,0.5247878004904548,0.3177902562061964
0.8257527755011341,0.8496907951038846,0.06398638134525422,0.947859473916564,0.24220019976493756
1.1907702872133394,0.5763443951599834,0.057353426290630324,0.7614856602700598,0.37226511919566496
1.0887990189386707,0.21859563736582305,0.02159451220428136,0.35380405225000516,0.125291149349552
1.0358290783602389,0.8583951836836945,0.0714761079329012,0.12792953756732975,0.10902851238261568
0.8579390751306312,0.6338243745798686,0.0939901336147412,0.7589558852495837,0.17407262149725627
0.8514067414436187,0.7891478280064121,0.060708930342778356,0.9676805882977946,0.25169418702573687
0.9822024052266802,0.8520716586631629,0.052457587106953765,0.5654481900033806,0.21277071651418406
1.1160243452496212,0.5203871474143202,0.056308741750179345,0.8416223501004809,0.3276776741105332
0.833242520089742,0.8446074369784606,0.0769985542833224,0.6908845674992328,0.17223159150026318
1.0273138611533066,0.9733089195349123,0.028784036305310377,0.6827305933464836,0.29198990842813594
1.0282818158470548,0.22382238736240034,0.03320371935679964,0.3395310421431497,0.08407907762093847
1.117855308712051,0.9003169316373032,0.08225367290151049,0.5346937770917756,0.31272738259371036
0.814560806089683,0.591339496706195,0.04009485582246726,0.17081922924590026,0.00447270651953767
1.088420833324078,0.7052228298623981,0.050596835608086754,0.6011536017305437,0.27199749793275446
1.1902064455763617,0.9332402367839603,0.08164969211811904,0.992975761170442,0.5339684763979542
0.8678392044910591,0.9686477658566306,0.04993979777445955,0.5358252444601624,0.14973980623380956
0.8754365145738798,0.8154543368181932,0.02057238931740473,0.8509154368818888,0.22710286539752866
1.007720671428043,0.79159918595308,0.029834333620653075,0.34572956085578643,0.13743179787742416
1.1868119298197772,0.5801676231601693,0.04534731363246611,0.33910686227443565,0.24810147113942205
1.133805953225949,0.7764509132479327,0.08160375978181215,0.09623619716073344,0.19559593835383404
1.0805521099324655,0.7816782000832003,0.08152598154047597,0.3037143582311187,0.19340728829289544
1.0561214368009348,0.6306379583694064,0.022909791918815214,0.30720395536899375,0.13826777736232265
0.8880696869717433,0.7220860522289012,0.03726106502509849,0.5823470108845825,0.14225441311360126
0.9607581641239125,0.69144053621691,0.043834283240595635,0.14533715311537426,0.04197546651051759
0.9196864351427423,0.4809618278579091,0.09247629189923343,0.7272729835063042,0.16892519079176882
1.1425915277820433,0.47739604977331646,0.09030491140870282,0.8971161439661985,0.35791851597027236
1.172998471804305,0.6615315720240831,0.024900626821959034,0.03522815228099358,0.189336092046551
1.1207573502406072,0.6553274102273465,0.050762592289036804,0.6832580673277825,0.312004242154638
1.1876214083402594,0.2560275134259959,0.033446429950587386,0.7688568484082805,0.2836041075512268
0.9467062267845117,0.7875497511794725,0.058632151238425745,0.8179737490236918,0.265348807625539
0.9997581966769857,0.7932602049773729,0.03514168979171854,0.9108086053233517,0.32439611878905683
1.1668750062428384,1.022108733794941,0.0771809993442987,0.29704724155536977,0.28153456991751014
1.1473789795009715,0.499166708901779,0.044065739120495134,0.24292580955644577,0.18640109310806285
1.0460952910274635,0.9174414997007145,0.06499529912630672,0.15703957970401253,0.12542714434871916
0.8174598642040088,0.7251953900248953,0.07809726000621463,0.6557369761830578,0.1363578909034412
1.1370046511562724,1.0122595196385886,0.09582145071219594,0.2307949350820916,0.25013245210633583
1.115227197212946,0.5614574670451484,0.04849080560935689,0.9813541069461574,0.375490022943151
1.0144427859845255,0.48802623185739896,0.0705656525893971,0.4647101805271242,0.1532682281574808
1.0457969741632722,0.6161269706907873,0.06883019684817385,0.019938738491633193,0.08731846753216355
0.89953485109239,0.6114267793717749,0.06347732347055234,0.3906153190584734,0.08446380763588135
0.9633723006891002,0.3175931334608098,0.053926093845600695,0.735535256850789,0.15015307813553852
0.9935872620853862,0.5136415771657333,0.04180982995487961,0.03446974762281584,0.01888353710313273
0.806936859138736,0.6068608510368778,0.08256205242516482,0.4540979098248213,0.06423392782484588
1.1162303510327676,1.0801696686290367,0.09824069181884697,0.12215315670673906,0.21922214027623987
1.1492453309182136,0.8314719875631165,0.0734911749460573,0.361259019834591,0.26515083757513824
0.8236028570325349,0.2896038073960867,0.05523205159759216,0.785319459373203,0.08399525866323188
1.1723167123065483,1.0195820956599349,0.026490744279742105,0.7094451684836748,0.4092545077433614
1.0504769244034764,0.8236762913171771,0.06576203544467372,0.7903517431479355,0.33420562148374494
0.9192573475675473,0.21126269953153246,0.09933557238151411,0.13651873118176963,0.004890502290190779
0.8954398692364797,0.938358313052289,0.05217316321426195,0.9619032811304506,0.30366431379410297
0.8049320142478621,0.8954635978512928,0.09931447704653697,0.18525701974379544,0.020360872889618686
1.136134783290391,0.8460956588129618,0.04949059220357922,0.40219987592416406,0.25793941264066234
1.0605266978952268,0.7317796971091064,0.05429470171389621,0.1689749463245301,0.12096257954540313
0.9707621130309803,0.9247822558936845,0.045889475942875596,0.7273452668127361,0.26997658638941924
1.172133737168953,0.7352447867136731,0.06462401397596135,0.5397198699581235,0.3223633924277195
1.1090774892551787,0.46336953254230157,0.07815343027438343,0.8459864256731134,0.31393720638393335
1.1220819827008115,0.9877813760832115,0.027538815421560933,0.44642789108219605,0.26760429320590806
0.9001154213549526,0.273651128988286,0.04828406499404829,0.664730620886571,0.09133444930894458
1.1779316112466018,0.6308385084564105,0.06407485435515003,0.7569981120440938,0.3753537147856805
1.0473785256191919,0.6389953128177139,0.08595319225595154,0.3436782899963853,0.16659191141621554
1.0520651570669115,0.5831737302225094,0.0874842401006237,0.343016097014441,0.1629508214902684
0.9464983185267113,0.6071554345998047,0.020727276684706943,0.4121386107882475,0.103923734982456
1.185571866636558,0.3620617168198368,0.09174262531185143,0.18023270403092545,0.21960757300870426
0.8101333813523579,0.82110247769355,0.08551173978332373,0.930498596935178,0.2272518492049052
1.1502515656563612,0.6151157773060885,0.09780341438027595,0.20008303683631376,0.21645427252152394
1.0519696720815763,0.6065306931107617,0.06961673347034526,0.07871500496363001,0.09505717482785614
1.1075919935362408,0.2954133968058096,0.05532762000567554,0.11394906628677269,0.12449272324461302
0.8224529968348419,0.7264777040388513,0.039022388585713434,0.318565320863513,0.03973061568565944
0.836320901159249,0.5173583186454692,0.05234482302724397,0.7974933357401804,0.14265926861145256
1.1453822736817918,0.7394612039426163,0.06605689027063931,0.13647849532664555,0.19608773356739317
1.0141228190535632,0.8135935685941156,0.0848459505262057,0.2716377321315168,0.14072400774615157
1.1771300206389643,0.2467503974300671,0.0666565396013653,0.6051427170522703,0.2479171445385442
0.8229672328925712,1.0525488174873896,0.02357856868881653,0.19321751853962438,0.019206293880511843
1.0583775244084899,0.8341426536432572,0.06894341528401218,0.525687335304041,0.2523268891676801
0.8229877029728364,0.863567087048748,0.08613875117292775,0.8050454157696988,0.20585650364406843
0.9371063113079376,1.0736560123373475,0.032109841917341175,0.021931757254282196,0.0009008576726371731
0.8615416330678007,0.360536645602396,0.07597709235726682,0.9032297152020368,0.14512080626892515
1.0861261432180618,0.8913831250388278,0.03712278735079692,0.5330050660626388,0.2685682912659082
1.039588824710661,0.9700935077140653,0.08573371039217051,0.0674068264907527,0.12023649168068418
1.0596112338321158,0.984778934685139,0.02989948731083504,0.921684259226494,0.4037858578532721
0.8972131537605214,0.896093710225875,0.07704737952315581,0.10294635238235254,0.020399461429047028
1.108434199357367,0.6120130682418223,0.09088962966591832,0.38229687003428875,0.2199739005312753
1.0369786918571728,0.9175779443760887,0.09158828872281889,0.42238510387207734,0.22239741539307228
1.1072810297247904,0.4565919873881577,0.05287505611533905,0.8737355419421476,0.3127336402049307
0.9120937599055146,0.2073903822025209,0.0940766526429712,0.9732980847675406,0.1338734226088129
0.9260039005808536,1.033231210709144,0.08734086090727414,0.8952387235457945,0.3289464926986205
1.1425678574703548,0.40201414955468456,0.07265896837690741,0.034039488881208016,0.17135530434045187
1.1787987218428073,0.9784313387825001,0.05385593452052902,0.03916603683258585,0.23012877770654516
